{"train_loss": [0.15277494490146637, 0.09751453995704651, 0.09068235754966736, 0.07126006484031677, 0.05407222360372543, 0.053984858095645905, 0.04255961254239082, 0.03721832111477852, 0.0337381437420845, 0.03069876693189144, 0.06742268055677414], "train_acc": [0.9448728561401367, 0.9661017060279846, 0.9688559174537659, 0.9745338559150696, 0.9805084466934204, 0.9830508232116699, 0.9847457408905029, 0.9885593056678772, 0.9894067645072937, 0.9896186590194702, 0.9775424003601074], "val_loss": [0.10233312845230103, 0.09106738865375519, 0.048631057143211365, 0.12531787157058716, 0.0498507060110569, 0.07664402574300766, 0.05050349608063698, 0.06088761240243912, 0.05795101448893547, 0.06155504658818245, 0.22153165936470032], "val_acc": [0.9734848737716675, 0.9764118790626526, 0.9829545617103577, 0.9745179414749146, 0.9793388843536377, 0.9745179414749146, 0.9858815670013428, 0.9810606241226196, 0.9698691964149475, 0.9839876294136047, 0.9431818127632141], "model": "ResNet50", "best_loss": 0.048631057143211365, "epochs": 15, "learning rate": 0.0001}