{"train_loss": [0.14584621787071228, 0.10209718346595764, 0.0807131975889206, 0.05561427026987076, 0.05278330296278, 0.05036536976695061, 0.05126241594552994, 0.04831990972161293, 0.04132119193673134, 0.040884632617235184, 0.03660717234015465, 0.03126411885023117, 0.03855334222316742, 0.03600304573774338], "train_acc": [0.9461272954940796, 0.9643405079841614, 0.9710506200790405, 0.9812116622924805, 0.9785276055335999, 0.9827454090118408, 0.9821702241897583, 0.9831288456916809, 0.9844708442687988, 0.9861963391304016, 0.9854294657707214, 0.9884969592094421, 0.9867714643478394, 0.988113522529602], "val_loss": [0.8259400129318237, 0.1702924221754074, 0.3711456060409546, 0.06359181553125381, 0.47929060459136963, 0.027595994994044304, 0.7802340388298035, 0.19846609234809875, 0.04768095538020134, 0.04957354813814163, 0.17899522185325623, 0.04916681349277496, 0.3681478202342987, 0.1250101774930954], "val_acc": [0.6875, 0.8125, 0.9375, 1.0, 0.8125, 1.0, 0.8125, 0.875, 1.0, 1.0, 0.9375, 0.9375, 0.9375, 0.9375], "model": "ResNet50", "best_loss": 0.027595994994044304, "epochs": 15, "learning rate": 0.0001}