{"train_loss": [0.2416946440935135, 0.15781544148921967, 0.15110106766223907, 0.12677237391471863, 0.11256170272827148, 0.11824940890073776, 0.1088719516992569, 0.10750433802604675, 0.09192566573619843, 0.08193999528884888, 0.09273207932710648, 0.09704416245222092, 0.08820869028568268, 0.09477998316287994, 0.08657955378293991], "train_acc": [0.8991525173187256, 0.940889835357666, 0.93813556432724, 0.951694905757904, 0.9580508470535278, 0.9554660320281982, 0.9588983058929443, 0.9565678238868713, 0.9614406824111938, 0.9656779766082764, 0.9641948938369751, 0.9654237031936646, 0.9677966237068176, 0.9630931615829468, 0.9690678119659424], "val_loss": [0.47409534454345703, 0.14238537847995758, 0.14983154833316803, 0.1402788758277893, 0.2323731929063797, 0.18530060350894928, 0.15916036069393158, 0.1125769093632698, 0.12333208322525024, 0.12817229330539703, 0.16679877042770386, 0.1294177621603012, 0.20215021073818207, 0.1205429658293724, 0.1292368620634079], "val_acc": [0.7172864675521851, 0.9564393758773804, 0.936639130115509, 0.9318181872367859, 0.8968664407730103, 0.9640151262283325, 0.9659090638160706, 0.9602272510528564, 0.9659090638160706, 0.9659090638160706, 0.9309573173522949, 0.9602272510528564, 0.9583333134651184, 0.9452479481697083, 0.9574725031852722], "model": "xray_cnnmodel", "best_loss": 0.1125769093632698, "epochs": 15, "learning rate": 0.0001}