{"train_loss": [0.2536393702030182, 0.17169326543807983, 0.14419874548912048, 0.13621321320533752, 0.12544213235378265, 0.09896771609783173, 0.10183636844158173, 0.10221230983734131, 0.09172668308019638, 0.08906476199626923, 0.08361610025167465, 0.10222969204187393, 0.08525527268648148, 0.08257120847702026, 0.0939202606678009], "train_acc": [0.8993481397628784, 0.9367331266403198, 0.9476610422134399, 0.9516870975494385, 0.9524539709091187, 0.9635736346244812, 0.9622315764427185, 0.9635736346244812, 0.9651073813438416, 0.9656825065612793, 0.9697085618972778, 0.962806761264801, 0.9681748747825623, 0.9668328166007996, 0.9639570713043213], "val_loss": [7.207826137542725, 0.40795135498046875, 3.469674587249756, 1.542680263519287, 0.6289803385734558, 0.9474605917930603, 0.46626392006874084, 0.33655592799186707, 0.9290978908538818, 1.5683634281158447, 1.3764522075653076, 0.5700962543487549, 0.41202396154403687, 0.5956396460533142, 0.23820310831069946], "val_acc": [0.5, 0.6875, 0.5625, 0.5625, 0.75, 0.5625, 0.875, 0.75, 0.625, 0.5625, 0.625, 0.75, 0.75, 0.8125, 0.875], "model": "xray_cnnmodel", "best_loss": 0.23820310831069946, "epochs": 15, "learning rate": 0.0001}